{"accuracy": 0.795428351901652, "0": {"f1-score": 0.8774030160009209}, "1": {"f1-score": 0.38260869565217387}}