{"accuracy": 0.7959434542102028, "0": {"f1-score": 0.8782991202346041}, "1": {"f1-score": 0.3688212927756654}}